word,count,site
AirPods,84,CanalTech
Apple,50,CanalTech
Pro,45,CanalTech
2,28,CanalTech
estojo,22,CanalTech
ouvido,21,CanalTech
iPhone,20,CanalTech
carregamento,20,CanalTech
fones,18,CanalTech
fone,17,CanalTech
bateria,16,CanalTech
USBC,14,CanalTech
novo,14,CanalTech
Passo,14,CanalTech
Beats,12,CanalTech
TV,12,CanalTech
volume,12,CanalTech
Fit,11,CanalTech
áudio,11,CanalTech
deve,11,CanalTech
pode,10,CanalTech
Lightning,10,CanalTech
conector,10,CanalTech
Watch,9,CanalTech
novos,8,CanalTech
status,8,CanalTech
ainda,8,CanalTech
possível,8,CanalTech
usuários,7,CanalTech
modelo,7,CanalTech
Apple,51,G1
Pro,46,G1
fones,38,G1
ruído,25,G1
AirPods,24,G1
cancelamento,24,G1
R,22,G1
novos,21,G1
ouvido,17,G1
modo,17,G1
iPhone,16,G1
novo,15,G1
topo,14,G1
empresa,14,G1
têm,14,G1
som,14,G1
Voltar,14,G1
bateria,13,G1
Watch,13,G1
horas,12,G1
8,12,G1
ambiente,12,G1
fone,12,G1
modelos,12,G1
iPhones,12,G1
14,11,G1
música,11,G1
dois,11,G1
qualidade,11,G1
produto,11,G1
empresas,108,ITForum
dados,108,ITForum
tecnologia,95,ITForum
pode,60,ITForum
mercado,60,ITForum
IA,59,ITForum
cada,57,ITForum
empresa,55,ITForum
forma,45,ITForum
Brasil,45,ITForum
mundo,44,ITForum
sobre,43,ITForum
vez,41,ITForum
tecnologias,40,ITForum
pessoas,39,ITForum
soluções,38,ITForum
inteligência,37,ITForum
podem,36,ITForum
TI,35,ITForum
anos,35,ITForum
digital,35,ITForum
artificial,35,ITForum
meio,34,ITForum
Intel,33,ITForum
ainda,33,ITForum
tempo,32,ITForum
segurança,32,ITForum
negócio,30,ITForum
marketing,29,ITForum
todos,29,ITForum
AirPods,91,TecMundo
Apple,81,TecMundo
Pro,66,TecMundo
2,46,TecMundo
R,45,TecMundo
fones,34,TecMundo
fone,34,TecMundo
geração,27,TecMundo
ouvido,25,TecMundo
Bluetooth,24,TecMundo
pode,23,TecMundo
modelo,23,TecMundo
fio,23,TecMundo
iPhone,22,TecMundo
2ª,22,TecMundo
Airpods,20,TecMundo
produto,20,TecMundo
Fone,18,TecMundo
Android,18,TecMundo
horas,17,TecMundo
Ouvido,17,TecMundo
podem,16,TecMundo
qualidade,16,TecMundo
Fonte,16,TecMundo
áudio,15,TecMundo
ANC,15,TecMundo
ruído,14,TecMundo
novo,13,TecMundo
preço,13,TecMundo
Buds,12,TecMundo
AirPods,145,TudoCelular
Apple,122,TudoCelular
fones,69,TudoCelular
Pro,59,TudoCelular
ouvido,50,TudoCelular
geração,37,TudoCelular
nova,31,TudoCelular
novos,29,TudoCelular
áudio,28,TudoCelular
produtos,26,TudoCelular
iPhone,25,TudoCelular
fio,25,TudoCelular
3,24,TudoCelular
dispositivos,24,TudoCelular
empresa,24,TudoCelular
Max,24,TudoCelular
pode,23,TudoCelular
acordo,21,TudoCelular
ainda,21,TudoCelular
acessórios,21,TudoCelular
2,20,TudoCelular
carregamento,20,TudoCelular
usuários,19,TudoCelular
novo,18,TudoCelular
modelo,17,TudoCelular
versão,17,TudoCelular
fone,16,TudoCelular
mercado,16,TudoCelular
ano,15,TudoCelular
deve,15,TudoCelular
